Scenario,1,2,3,4,5,6,7,8,9,10,11,12,13,14,15
1,0.1089448096955520000,0.1357422415658240000,0.0592282716088910000,0.0456521151651382000,0.0277873756413144000,0.0059847260139003500,0.0092956048013334400,0.0083328327209627900,0.0064686859787923300,0.0058489277383791400,0.0048744043952947100,0.0024009474853004700,0.0012984486517577200,0.0013145093238890500,0.0014782753602770500
2,0.1670942844039400000,0.1745428273292150000,0.0963111551334268000,0.0601864312821097000,0.0215426165048519000,0.0135597420581248000,0.0137477624433923000,0.0067534431104450100,0.0102707519272268000,0.0045813915945936800,0.0039536210872277200,0.0024200581780730500,0.0013795595933730800,0.0015417216880647100,0.0018774749368190300
3,0.1076303789352350000,0.1255722055841260000,0.0603582648532611000,0.0443765473500920000,0.0259775312527065000,0.0246764421344853000,0.0017379338996268600,0.0065496886510393800,0.0003102252556103340,0.0062826687901872100,0.0043188334110858800,0.0027837465511744300,0.0013694490970525300,0.0008618835779081740,0.0008608442736652710
4,0.1423651348400530000,0.1437654207867880000,0.0785955427906908000,0.0373406667394321000,0.0348492140887521000,0.0169636517803417000,0.0084793400962843300,0.0133311704255883000,0.0069770631249468300,0.0022437485908877500,0.0006570292842469800,0.0026067265131481500,0.0015762359790628000,0.0013601573645735900,0.0010094871848058500
5,0.1339260688761220000,0.1778475745796880000,0.0802019675521130000,0.0560640931806042000,0.0596935489063330000,0.0339938185049233000,0.0038624309190338600,0.0157076857344579000,0.0043642117916545000,0.0093769170772868600,0.0047754142736697500,0.0036901017684514500,0.0040215854238482200,0.0011126206229996200,0.0012369335143116700
6,0.1842367951836650000,0.2096847059354170000,0.0946581986835512000,0.0765071811657248000,0.0372165298748591000,0.0028209683259994600,0.0132157883168280000,0.0102155209445966000,0.0053478554004428700,0.0093828912917513300,0.0038951640811531100,0.0016756493199862200,0.0031304724320442100,0.0018325363315237100,0.0009742042578739340
7,0.1562205365858510000,0.1852444225178900000,0.0787284745464555000,0.0457285980673116000,0.0334132478382735000,0.0152292008228176000,0.0112314987438486000,0.0116919220139502000,0.0030003558898385400,0.0023513942260348600,0.0016804801188737600,0.0028067710415164900,0.0018258235154207100,0.0000740813817521604,0.0011495233919823600
8,0.1934571292679290000,0.2320918458794140000,0.1239719646525900000,0.0727395608850675000,0.0677531623466350000,0.0352890485918983000,0.0031121643961641500,0.0099947736210579200,0.0214556900759800000,0.0108849117379861000,0.0077273986980863900,0.0056133589036306400,0.0037616751368842800,0.0016075939562305900,0.0024757197665658400
9,0.1665153371070080000,0.1963962761589250000,0.0871865406575357000,0.0594750557918829000,0.0319729844466957000,0.0214390451502725000,0.0196295439414565000,0.0118069007262015000,0.0117862951017172000,0.0004700365210395660,0.0072693278122506400,0.0053780002882984500,0.0017948225536074600,0.0010918527013348000,0.0017397612650939300
10,0.1955174861563140000,0.2151966079451480000,0.1020897729440940000,0.0567481680322246000,0.0699968596365326000,0.0024206600821769400,0.0040923099534146300,0.0091185844258584200,0.0097459702100650000,0.0217518844404057000,0.0055485426313128300,0.0027096698676057300,0.0013347353171211800,0.0017556712076530200,0.0021745414956885200
11,0.1285005681345060000,0.1789703497176440000,0.0684317949831950000,0.0546457116270611000,0.0427403061602740000,0.0198439534867547000,0.0188517733299940000,0.0049441763307256400,0.0032474811911570900,0.0052563509277103200,0.0014751242786390000,0.0006937499193767730,0.0022252690477576300,0.0004164813478260650,0.0016917412024816300
12,0.1675714443837300000,0.1920060747753420000,0.0899305887122065000,0.0605666342322397000,0.0544653258581326000,0.0446649380522044000,0.0063696627681711400,0.0158021754239102000,0.0039551777083226900,0.0076820066020924700,0.0059579525241288900,0.0015201580812827000,0.0026290806104656200,0.0016960514699135100,0.0017731885408607100
13,0.2097584224167790000,0.2642080993715340000,0.1508257844164270000,0.0547821161377671000,0.0389495133819968000,0.0230025446079032000,0.0127843717128039000,0.0047742076124371700,0.0254858358996924000,0.0027033656706971600,0.0070645752824836000,0.0009741100447658980,0.0033481014946108500,0.0026140508347922600,0.0029856666755317800
14,0.1387829923423410000,0.2050909228322790000,0.0906264899852112000,0.0602529774995309000,0.0343931362225235000,0.0239033713138322000,0.0063648434301734400,0.0058802587802757400,0.0035908225138196700,0.0101721694254246000,0.0027130478083411000,0.0032146280889783100,0.0018109440587031800,0.0016387836737498300,0.0025178508878671500
15,0.1059817239686610000,0.1187287620983360000,0.0662549877245872000,0.0357967011713639000,0.0359206470583904000,0.0208464538070415000,0.0054494258027397400,0.0057436140391386300,0.0011216641385836100,0.0004193023190391670,0.0003922640944345970,0.0030422402224925400,0.0014127404395004000,0.0001766358309648520,0.0006295685255412870
16,0.1590114048684140000,0.1888607556201160000,0.1093479901935220000,0.0619162776940108000,0.0351523783740672000,0.0083190667383080500,0.0128136489793164000,0.0138294415288410000,0.0064965479988614100,0.0112537948697535000,0.0053484393573457000,0.0027857269430511300,0.0041963895154786600,0.0007773160749959250,0.0007487754281467470
17,0.1661418463357300000,0.2142302801688890000,0.0999868144643399000,0.0648413360684171000,0.0604294831485178000,0.0008895961831224140,0.0000788405920570713,0.0118052550332097000,0.0028925929486795100,0.0037051809542666700,0.0041983288843728400,0.0050305054678390400,0.0020297588377039800,0.0002483445663414520,0.0019112293789769700
18,0.1523670976890580000,0.1780775721436240000,0.0985176606390411000,0.0550786181933184000,0.0406873334506105000,0.0135068043569829000,0.0128414007581074000,0.0063089959961017600,0.0169474020640285000,0.0029042164104040600,0.0038330907772759400,0.0018078765987193000,0.0010570305122610000,0.0017145945620707000,0.0019638816809668200
19,0.0936938483529189000,0.1312108291973930000,0.0596393950446791000,0.0361384647409406000,0.0362989299674174000,0.0142953309715246000,0.0033245486810271800,0.0045815771339468000,0.0093307037942764300,0.0021248078182650300,0.0044664111530667500,0.0030662644971088600,0.0015594566435766200,0.0009457619381423540,0.0010840689530758400
20,0.1838281721795190000,0.2064172005268790000,0.1071203911778450000,0.0610176215926579000,0.0201894448908714000,0.0070433626213755800,0.0160727744794366000,0.0024169546296508800,0.0020597378242024800,0.0033639401459146000,0.0031035495432461600,0.0008461136782109860,0.0019810691031862800,0.0011346574621357600,0.0016629833700235300
21,0.1946125619692080000,0.2080765453655170000,0.1024756973036790000,0.0571251314041314000,0.0271740949711680000,0.0165269175415338000,0.0088521659135193900,0.0155681905394901000,0.0037187171016126000,0.0152186787756941000,0.0039413885693596800,0.0032138756735949800,0.0011708173884429100,0.0009214096664589040,0.0013991506290939900
22,0.1384539752472580000,0.1555312017531870000,0.0884562469784581000,0.0468621838707412000,0.0334919068305297000,0.0094264421082121100,0.0096899701781193200,0.0084456732426475600,0.0142993651664368000,0.0045364943997935500,0.0070092355345025500,0.0001009332029435610,0.0007507275001718250,0.0013901848731158600,0.0020276129179895300
23,0.2071755632877110000,0.2452639655552800000,0.1057072323695590000,0.0699985067377630000,0.0541250315638098000,0.0116741410397900000,0.0133526003527727000,0.0119216399839736000,0.0031000177264175000,0.0034325016338046500,0.0045046944615562500,0.0046000446361495200,0.0009540412582589360,0.0018731566787514900,0.0018582651725797100
24,0.1287102939930400000,0.1563874617664330000,0.0752441793408619000,0.0449128616277641000,0.0399457243854694000,0.0201147879181655000,0.0114279382629692000,0.0062606869166404700,0.0057519041245465100,0.0123623223550501000,0.0013611978300462900,0.0024238450409217200,0.0009426850712727720,0.0003269996601448160,0.0019073949475341800
25,0.1965942288742090000,0.2289510889774250000,0.1245674020534070000,0.0819793163592268000,0.0498782938713606000,0.0050891224969169900,0.0220903352393056000,0.0125429483844811000,0.0023844290003243500,0.0022051634763696600,0.0059641091726250900,0.0024420967830041700,0.0023597400135781300,0.0009654719307777140,0.0012106912115812900
26,0.1324662812722980000,0.1505136468879530000,0.0735199861523108000,0.0579857234584603000,0.0239955440989977000,0.0064386614452354600,0.0036157181264687900,0.0094157458579607600,0.0060888983846677700,0.0010767985732953300,0.0040915758062074800,0.0020198884997139900,0.0019281160951346400,0.0010583540907881600,0.0009053820779205450
27,0.1450098432456740000,0.1806900059396540000,0.0955480247024783000,0.0529477265144906000,0.0370570562782412000,0.0034813980348133300,0.0121447286948857000,0.0081355064198496100,0.0016673759980006600,0.0054764045957142200,0.0037736678790616700,0.0031233945981014800,0.0021977301935974200,0.0017002981014690200,0.0020238234944421900
28,0.1792463645312700000,0.1987358646743840000,0.0909317971154650000,0.0676772951637018000,0.0355429965796849000,0.0073753080301286700,0.0107402272252001000,0.0034882519404960300,0.0013452026463536500,0.0106990914696430000,0.0079563967057200000,0.0035166091492498300,0.0019827228329488300,0.0021651757381846500,0.0020465980006591100
29,0.0920902808701452000,0.1155075319420020000,0.0575791301624475000,0.0313460318054923000,0.0235508880254466000,0.0117810294324336000,0.0125937336173106000,0.0074285484742200500,0.0023782611643090000,0.0053485044613378900,0.0035194685840760400,0.0018596108678260900,0.0017164204639504600,0.0011173168508265000,0.0005053783060975020
30,0.1961284517722820000,0.2478137963639330000,0.1194626117796420000,0.0719482298596780000,0.0418906984087654000,0.0297890817932939000,0.0194702154520155000,0.0021592962254981700,0.0115729405624435000,0.0170994262954660000,0.0065631167636242900,0.0043435860592325300,0.0015669424190253100,0.0028066166025046400,0.0028814840479042700
31,0.1948261848243100000,0.2333451697571010000,0.1026049915327180000,0.0759000228722954000,0.0592047099123708000,0.0092928232879087200,0.0149439084954800000,0.0065996662958093800,0.0105666863771242000,0.0075308484569469600,0.0034233016908765100,0.0020711263158463100,0.0014372878765718900,0.0010438477251934100,0.0008713886731954440
32,0.1279011985182720000,0.1668451850328060000,0.0882986684072975000,0.0496762207525776000,0.0437419888867563000,0.0032896980320952600,0.0069548187644129500,0.0051736186814948000,0.0006842506279607790,0.0052949226442030800,0.0011837313380723000,0.0011674191535286400,0.0018824062866142400,0.0001843151282802990,0.0010553382645697300
33,0.1558901492382450000,0.1934235926657090000,0.0975900448193410000,0.0481811160675823000,0.0437513070302619000,0.0130091074973693000,0.0038396230429844800,0.0119236940320419000,0.0030655688969619000,0.0038881990240841400,0.0063335672712723200,0.0025510859242472700,0.0041761754578953200,0.0015919037030463900,0.0017069176374475300
34,0.1026011636445780000,0.1567331432577480000,0.0667495903180010000,0.0454127841598217000,0.0242983728105845000,0.0165603186059093000,0.0094110420417827400,0.0052688990397204600,0.0139043870231401000,0.0084845409469624400,0.0034011227207542700,0.0003130487548261880,0.0009670129271612740,0.0013761527607506600,0.0014540596100283200
35,0.1876452419720130000,0.1744002187749490000,0.1091298725298380000,0.0504335462793380000,0.0287152851649315000,0.0104228695026600000,0.0025838034372224900,0.0070056304826257600,0.0094608230228272500,0.0006025871257780910,0.0051940110839222800,0.0026109670761844200,0.0003319058448664610,0.0018236828162528300,0.0021301140100700700
36,0.1422415424127050000,0.1594509029495330000,0.0842515381200998000,0.0473351325698070000,0.0224908659860265000,0.0196304677145213000,0.0113726646285663000,0.0137577101257365000,0.0030391366823985800,0.0064917672224560500,0.0049122560475319500,0.0033735625547664700,0.0023006553895075900,0.0006272637638187600,0.0014797388134807800
37,0.1948743853149530000,0.2030890936055700000,0.1033182573885270000,0.0565332729651829000,0.0320320183551198000,0.0171946040061167000,0.0177424096401904000,0.0114888341590853000,0.0026257520643254900,0.0036217567737232200,0.0054442367372303600,0.0004924202878514070,0.0017561308506764000,0.0036126807938520500,0.0015725327713064200
38,0.2238291829077560000,0.2120199963116490000,0.1002463962234300000,0.0807786999325569000,0.0538102509057463000,0.0153424443128569000,0.0025282453712813700,0.0040842798501649800,0.0212206079188512000,0.0025429671802333400,0.0036758068743751000,0.0034010455553885300,0.0026674201881365100,0.0009360302026727870,0.0020038701363326700
39,0.1779589608808060000,0.2151555640985510000,0.1059320474208050000,0.0585756248932007000,0.0245623815999111000,0.0217513598698880000,0.0098047980028447300,0.0081387885843218900,0.0198999735657974000,0.0037951038922377500,0.0034802597560211500,0.0043587028789931700,0.0021602287638637000,0.0024955014358535200,0.0017286911800049900
40,0.1558129106806280000,0.1777724305233250000,0.0844647942717602000,0.0508738013502874000,0.0292756601647289000,0.0100436826117814000,0.0140843058423750000,0.0066749030595797000,0.0015303351378517800,0.0122899639652871000,0.0029021521961162900,0.0009433559952837280,0.0020630487768032800,0.0006839659596731970,0.0009194051375028100
41,0.2287390078647390000,0.2388205795402970000,0.0999617849013791000,0.0628750755260114000,0.0458998448794215000,0.0269173680363226000,0.0245683555636308000,0.0142777180755914000,0.0098106436404458300,0.0107524147435194000,0.0038835618068382200,0.0040706961577362000,0.0027283126721950600,0.0026166614608424500,0.0022212604787700800
42,0.1558463036533250000,0.1916494542185870000,0.0930311490954887000,0.0665335885622956000,0.0355189534470892000,0.0095407940819040800,0.0206073996744140000,0.0128544889981515000,0.0037904705379662300,0.0041730346332122800,0.0022684948037881000,0.0044751463802249800,0.0036564586943651500,0.0006886468407312160,0.0008954262870278140
43,0.1575101244950380000,0.2083899874477390000,0.0935278648770601000,0.0586253531583312000,0.0333836602606526000,0.0022395996493257200,0.0012220649188212300,0.0142566417489785000,0.0031871853375859400,0.0082464022961977400,0.0022424338173354100,0.0009462620822463740,0.0034596071789208500,0.0011000804043333200,0.0009728894423715680
44,0.1932272165061640000,0.1870980929930590000,0.0957057792734431000,0.0618204800494067000,0.0532010162801057000,0.0052778025394016100,0.0131885744289796000,0.0102827327402068000,0.0068488922842305600,0.0051613696179835100,0.0055302348930135000,0.0021782607304280700,0.0032478835439635600,0.0006798922889171780,0.0012593217635205800
45,0.1973645639826020000,0.2391904063360990000,0.1252186195706960000,0.0777112684839811000,0.0613591613594838000,0.0007011843361146740,0.0123618637851089000,0.0066552012625265200,0.0106251886088720000,0.0014402768248417200,0.0070378714760758000,0.0044680850045259200,0.0036420032878987700,0.0001251865097656780,0.0018760469655898700
46,0.1475156253205320000,0.1907276629727560000,0.1003476314882330000,0.0700407673971404000,0.0323029180322259000,0.0178008725173932000,0.0183862044870046000,0.0042433745186399800,0.0064284290902905400,0.0057352724590260400,0.0034732775349859500,0.0021978417233087400,0.0041000550627668000,0.0018703053117588400,0.0010432009410292900
47,0.1442639693933890000,0.1608109198789360000,0.0731507178184287000,0.0484349306118778000,0.0370826472837620000,0.0137293699634752000,0.0222196303386094000,0.0113698623016333000,0.0081319688582005600,0.0060330156602307700,0.0000288154378116728,0.0016471837361654500,0.0020093380876475400,0.0010654278072411900,0.0018927190242567200
48,0.1180910491220170000,0.1355948963745750000,0.0731400481520241000,0.0500055459931352000,0.0376813368193322000,0.0186395463225803000,0.0069119136466580500,0.0052217919905971400,0.0094881328229431600,0.0042467065781675300,0.0041646003172051100,0.0008962993536809010,0.0016717426218107700,0.0010112109364720500,0.0019914587998912700
49,0.1505078927528980000,0.2185829682278960000,0.1077832412024870000,0.0611803924864824000,0.0352654862093308000,0.0082072202594955400,0.0047954493128957200,0.0017637404898156300,0.0080856692395060000,0.0127451883968903000,0.0040322598066861600,0.0023193146397452100,0.0018869660867960100,0.0021105891942611200,0.0025127445918788900
50,0.1428637394591730000,0.1761227272750370000,0.1058914843773610000,0.0544288746584925000,0.0334880234562017000,0.0224552325704717000,0.0068987338663129300,0.0046213941006450800,0.0006787965425991560,0.0052666947922909300,0.0023288943547525000,0.0018556375654013300,0.0016064524342951700,0.0012699981902929700,0.0009491266763595950
51,0.1188821470689620000,0.1348365247599380000,0.0753565531643700000,0.0428581737393923000,0.0280924019423315000,0.0175770268892538000,0.0043397940038707200,0.0107171636611136000,0.0062821577257884900,0.0002506002583091760,0.0021481069730651100,0.0028373972664003200,0.0007295801965738840,0.0018083696562926100,0.0013325089884562900
52,0.1569768748023520000,0.2025755150271910000,0.0907478881893857000,0.0612291492639243000,0.0408764542344581000,0.0073878129596588700,0.0092494097883185900,0.0009947126347022550,0.0103947829345064000,0.0071986998823289300,0.0041511878589302200,0.0029993116037907100,0.0017015016407700400,0.0011877766975463300,0.0014393517667707900
53,0.2027062095997250000,0.2243919144521440000,0.1021572309818370000,0.0598421201163656000,0.0708791424843773000,0.0343865387419801000,0.0137075992668947000,0.0005666015147339060,0.0067210173217180100,0.0179015980941710000,0.0040332191595100500,0.0038192199182706900,0.0016543957913068100,0.0012074428697487400,0.0026173910354997000
54,0.1609369693444820000,0.1833201427739820000,0.0987471279755431000,0.0606729823263626000,0.0326395988686164000,0.0393140678635220000,0.0274577443659323000,0.0059792863140707800,0.0166513128978510000,0.0075298181969110100,0.0062978371874370000,0.0029075626515733500,0.0033353605647319300,0.0009107588595590380,0.0007734930076249610
55,0.1556362238197440000,0.1644289137315450000,0.0998862783006521000,0.0589635143539010000,0.0219469796598601000,0.0122878959364883000,0.0130513532729133000,0.0178678298224855000,0.0150745350096602000,0.0035811193528440900,0.0039187243275598700,0.0003549982772946360,0.0032890066883291600,0.0001579964162886430,0.0011844393056415400
56,0.1468089772262690000,0.2257214605573270000,0.0728128717055074000,0.0624294134612674000,0.0488078606260767000,0.0250297656873893000,0.0170327782452802000,0.0052136241786774500,0.0000432104257072309,0.0021002798759182500,0.0061286021360763100,0.0030742817266585400,0.0015314960265645000,0.0014541427122984200,0.0024532615791596500
57,0.1429840216919610000,0.1643225494345080000,0.0819517298789628000,0.0526101697201120000,0.0239379161462693000,0.0186748817603244000,0.0201976739527327000,0.0012474065883951800,0.0089263719129929900,0.0071436149561738100,0.0035839037812376700,0.0019285117618506200,0.0017271738369109000,0.0016309826335728200,0.0013758335863631700
58,0.2352203098645180000,0.2550008629476770000,0.1197193049057820000,0.0710923538698955000,0.0245459026935741000,0.0226353904002446000,0.0000614392701965888,0.0026343283698872700,0.0243164797683829000,0.0199052394182411000,0.0045741331962955300,0.0049096637211964700,0.0028062722322435600,0.0023673007820218500,0.0028612496834163400
59,0.1376240710174020000,0.1557759597300850000,0.0909427720986973000,0.0590504807243907000,0.0307848449019902000,0.0184254702882546000,0.0144082839963221000,0.0129109106910107000,0.0157820980681556000,0.0034878208222233600,0.0016341020717222000,0.0041662813886101100,0.0018196531903412600,0.0013468757189583400,0.0015452441964609500
60,0.1648662169222040000,0.1819710274731470000,0.0849459485186751000,0.0564688991904900000,0.0541426368660973000,0.0098597201518180400,0.0202231690829337000,0.0068193389928089400,0.0053718270871750000,0.0049728378957185000,0.0025977165992713200,0.0010039883951350400,0.0027623423399670900,0.0026741537370491700,0.0019283738234038800
61,0.1760840671538220000,0.1880555742296320000,0.1116144148203990000,0.0526495101825022000,0.0572141458801845000,0.0000384591943441637,0.0174325636429709000,0.0087301633694058500,0.0109313022408299000,0.0092753509859906700,0.0067872749923992500,0.0043105482545624500,0.0018079304628737900,0.0019573646124478100,0.0016433909509133300
62,0.1341315060358390000,0.1517593476591490000,0.0810177294031422000,0.0456491930927225000,0.0258751343803467000,0.0149756939681460000,0.0125867105954942000,0.0033279225022187200,0.0063333051282217500,0.0080091058584902600,0.0025292650185097200,0.0002761272717907530,0.0014860463664350200,0.0006075674322871510,0.0010539391252529900
63,0.1833010375601720000,0.2105676538111720000,0.0964271716118116000,0.0617993348191984000,0.0320281203106122000,0.0112959508966655000,0.0048188097785453000,0.0123628111429688000,0.0094994729061343600,0.0033763257720747200,0.0059239756534852400,0.0027323715726201900,0.0006486574850632400,0.0004397723902958160,0.0018288215149210900
64,0.2445732306869360000,0.2382021844625650000,0.0994914928732767000,0.0690670348556602000,0.0196181982671554000,0.0170888143370410000,0.0027014051753651600,0.0137611180302897000,0.0010199605076714300,0.0050077086564681300,0.0038843721707412100,0.0051065329873732800,0.0018041894224276900,0.0009644882359105120,0.0031840176085913700
65,0.1187117728843010000,0.1519395965988170000,0.0636364283240161000,0.0341227838679961000,0.0331214046597931000,0.0033811623706675400,0.0090992412646406600,0.0116357793470171000,0.0002959510147992530,0.0038532953883061000,0.0028091262474184600,0.0032882868974502600,0.0010398392165242500,0.0006814035027592410,0.0011650975372953200
66,0.1673880513504930000,0.2006604775641910000,0.1160454256301380000,0.0587964729365691000,0.0487362549906361000,0.0259122596732176000,0.0034596340107326300,0.0156149902073593000,0.0076375579843937500,0.0015054642590218700,0.0039626344635283500,0.0044819232616430100,0.0029873031454943700,0.0018290252064234100,0.0015740516836487900
67,0.1798979315389840000,0.2207578441569250000,0.1137871440364420000,0.0680799947682164000,0.0177265566495161000,0.0208966511326078000,0.0006704614141628570,0.0176112057692240000,0.0136141798539003000,0.0002414383837759200,0.0061696655692222800,0.0035564746512533500,0.0009988625196485560,0.0009314951343632610,0.0021850207817366100
68,0.1400142716072040000,0.2068378675094090000,0.0892506999632850000,0.0626048815852520000,0.0589909729759212000,0.0089890920246380900,0.0140292367158801000,0.0132161627203318000,0.0091454462285879500,0.0131201976908708000,0.0018680800615246900,0.0010465324930748700,0.0010578636760531100,0.0013365600666259700,0.0014451064355903100
69,0.1171277452783130000,0.1268345302357990000,0.0717512083932298000,0.0325960077391075000,0.0189352522791649000,0.0053732507913951100,0.0068368236168204500,0.0044119977961356100,0.0102957714088532000,0.0008737810883835350,0.0030789268065336700,0.0014011322775100600,0.0019245168317754000,0.0001824457219857160,0.0004251230172379600
70,0.1857816748842480000,0.2240590791609200000,0.0936051678439383000,0.0667048417821246000,0.0270176990847826000,0.0108386003379772000,0.0009263478520292540,0.0051092072067648600,0.0025594398705238700,0.0077777899300652100,0.0021528902847133300,0.0042003784632058400,0.0028074808410116700,0.0004949380225176400,0.0018418926182237600
71,0.0795709914373222000,0.0789172236864568000,0.0475731047362925000,0.0246537645621559000,0.0276772590410553000,0.0125955745236826000,0.0038892381770435300,0.0003897330455877840,0.0033046535815548100,0.0008156459844403510,0.0003925173637553570,0.0004028998410043490,0.0006421347834902200,0.0009994766709458310,0.0006933384455620830
72,0.1468279603769290000,0.1861739394855470000,0.0870509850215539000,0.0688448728837474000,0.0574667263696061000,0.0156973103610142000,0.0113094100911738000,0.0057755425399332900,0.0073152409984160700,0.0014240566505563100,0.0039047392431435100,0.0037927932098173900,0.0025896595374465900,0.0018990344746853600,0.0022465769853777800
73,0.1392190519396970000,0.1754087090644150000,0.0891471503577511000,0.0488526408654472000,0.0450280237609658000,0.0131385462948356000,0.0200132049966911000,0.0164697775355412000,0.0100604453397497000,0.0032232207937644800,0.0028972693754739300,0.0029606884595073800,0.0016190526897408200,0.0009800757168531380,0.0014661743854263100
74,0.2421558136034000000,0.3065401368541080000,0.1258233447139480000,0.0952911501558027000,0.0485319235794474000,0.0421501148530633000,0.0032873012868546100,0.0082024648442914000,0.0000306606857013135,0.0030503698792900900,0.0060964829877112300,0.0081050877210952400,0.0010711367165554900,0.0016868406622590400,0.0027391785129854200
75,0.1887964035764400000,0.1759719568346330000,0.1015031174321160000,0.0613559131628219000,0.0276707151619812000,0.0032235596241039800,0.0186196100200461000,0.0106828847075707000,0.0154936763843242000,0.0114052137225390000,0.0068320778771849100,0.0026288045311705100,0.0016003346424091900,0.0019739569066018200,0.0009955252927386240
76,0.1314214633840050000,0.1455976174155590000,0.0873822019591408000,0.0482463368020077000,0.0264826138838756000,0.0155042364020387000,0.0096275350518364600,0.0107982053402452000,0.0008277371377443140,0.0019265405422841900,0.0054585523590708000,0.0018838094944242200,0.0019523056909152300,0.0011710132895683400,0.0011765886585430600
77,0.0960219343990971000,0.1328734582865570000,0.0650456328784370000,0.0463870300510481000,0.0192546742781495000,0.0071068214063323300,0.0127658851900825000,0.0058004328427351600,0.0019592506152451100,0.0019812657627690000,0.0047630989882603600,0.0029803238339437600,0.0012460259846409300,0.0017277094320962400,0.0007533152628252920
78,0.1194508349733010000,0.1451986298663480000,0.0722495068689109000,0.0456403208540386000,0.0345457008443044000,0.0264566992315942000,0.0221378133075525000,0.0071970996988638500,0.0036495316956962700,0.0046421491464370300,0.0046789854094851000,0.0013217436948952000,0.0015810691561347600,0.0003500777577347870,0.0012056423014486800
79,0.1579600463350160000,0.1866638162475280000,0.0941388890486369000,0.0645448198602513000,0.0516116780328289000,0.0262729128225420000,0.0187074931450857000,0.0159142908919702000,0.0147396858562796000,0.0149049461443704000,0.0027924284750523200,0.0001229623808307440,0.0026211307904109200,0.0011636203866524100,0.0008719739159777370
80,0.1487592834395870000,0.1672316489599380000,0.0799995084600355000,0.0559000174808454000,0.0241361229506273000,0.0199616489276028000,0.0146107127323732000,0.0047797723578610800,0.0071211594391345400,0.0086905953511467700,0.0005202334113517200,0.0014240066817501700,0.0009377395703921510,0.0008199406189923850,0.0005582488804407860
81,0.1691284785484590000,0.2116331538785740000,0.0855193912849490000,0.0596539574931494000,0.0593679439317507000,0.0025388103432386100,0.0006046992469371410,0.0089725974544669100,0.0080147467615413000,0.0109006375029938000,0.0034653839607388200,0.0034134159165091900,0.0020847423013004600,0.0005480913507715680,0.0016419239410797100
82,0.1308288099353590000,0.1989464307392640000,0.0877491344066056000,0.0505615948226993000,0.0350284765081612000,0.0171793121590372000,0.0156939125716012000,0.0058037709546518600,0.0105540261499414000,0.0146302679056822000,0.0045134141804909000,0.0015942015501435900,0.0008894124964157670,0.0015124393124743400,0.0012521009330116900
83,0.1080999735034390000,0.1425710340731340000,0.0592044220673109000,0.0406917401080842000,0.0299378012662860000,0.0071766073550976000,0.0028135164038638300,0.0121047989039661000,0.0008839206322169640,0.0076097188826139700,0.0008848072204616680,0.0011019955312025900,0.0017957538047385300,0.0013100232064215200,0.0015662373014847500
84,0.2414450720218560000,0.2503885361877510000,0.1494546805482800000,0.0703054275373578000,0.0500091781454783000,0.0128870654458252000,0.0256515180859695000,0.0150631485362515000,0.0079315080746211800,0.0030066078452319200,0.0042955459175461700,0.0010127176128780900,0.0028224044150861200,0.0006074618734945910,0.0039422530537743700
85,0.1230373869814770000,0.1606217673649570000,0.0866614534062936000,0.0487884961562620000,0.0358176332841139000,0.0125008710743474000,0.0116534566277842000,0.0035946035869261800,0.0071561945027040900,0.0036719427633973900,0.0039637547580384900,0.0034396758515088000,0.0017869750134801500,0.0013165626282937700,0.0018896429900238200
86,0.1345709167945800000,0.1710480579259940000,0.0779522172195845000,0.0487736834352792000,0.0331555565829086000,0.0325396708636007000,0.0058316406189640500,0.0058503354581787000,0.0045894646256201600,0.0050482883216495800,0.0017890204160458600,0.0021483899425928900,0.0015514297931467400,0.0006083295028954260,0.0011174786579953300
87,0.1471193401280700000,0.1751177604111010000,0.0919040324654009000,0.0474780906158682000,0.0395187600751440000,0.0016750344364351000,0.0105286084885678000,0.0088333715195741700,0.0093825397549000000,0.0122045932464835000,0.0027807900385503100,0.0023029713337813100,0.0017357151959111300,0.0021653844078231200,0.0005656402347334570
88,0.1329277015291130000,0.1628779890207130000,0.0761681265614454000,0.0568534783269053000,0.0504217668811259000,0.0196577702670213000,0.0143108161310575000,0.0109975811132741000,0.0112581653003787000,0.0063325071674572000,0.0038133902355233300,0.0022787665674993700,0.0006757662539216580,0.0005521919331954500,0.0017284084824051400
89,0.1460907878573720000,0.1737538705377570000,0.0997808269530533000,0.0510909468426883000,0.0408052169359859000,0.0128789424133997000,0.0069649949175926000,0.0069256671072022100,0.0061268607088175700,0.0121847988752046000,0.0039084615337459500,0.0028774912126769900,0.0015276958171677200,0.0013566088949388500,0.0008880902089502410
90,0.0957201215802426000,0.1098949030883270000,0.0537317243749108000,0.0349522348364979000,0.0178709255526082000,0.0204657055889085000,0.0053078627032801200,0.0089953540141046800,0.0054212323054504200,0.0002523480628847720,0.0040694076278569600,0.0010788605485058300,0.0015030326429604100,0.0009912138057250520,0.0003821311914525820
91,0.1706552064557240000,0.2124305083912840000,0.1130680793979610000,0.0598925587110017000,0.0435687932889369000,0.0255344688077064000,0.0132861992825298000,0.0056571952611218000,0.0178016317696111000,0.0002358895578593860,0.0004255020523849250,0.0021196577599045200,0.0008845030800719540,0.0021605729632050300,0.0032953401565480600
92,0.2052604877330200000,0.2127647127739160000,0.0998304548612455000,0.0660652557218466000,0.0394826932869378000,0.0198027045355639000,0.0119589658942670000,0.0099227890908819300,0.0025803688181131200,0.0020199130923405200,0.0026981922277619600,0.0024936067365637200,0.0031321019604868900,0.0009281168885072000,0.0016403405939965300
93,0.1765326018928010000,0.2060848336435340000,0.1031101356688520000,0.0619871377838780000,0.0550297606552487000,0.0201430769247675000,0.0072099770825376500,0.0043751375024272000,0.0006132635044100830,0.0075253073490852600,0.0038801831088824100,0.0022817129571579800,0.0016078587341285600,0.0003696984030127440,0.0011869837498557800
94,0.1314231531361890000,0.1773024868123370000,0.1038159626064430000,0.0447250830299167000,0.0449377654908413000,0.0225818188566078000,0.0033357930663632300,0.0020068872344513500,0.0071017221419986800,0.0084859493680658200,0.0046732088983042900,0.0036522242666266100,0.0003292571745390870,0.0018190820699235700,0.0015478249760765000
95,0.1380155688954920000,0.1541107166300580000,0.0916159480563736000,0.0491785513765370000,0.0462348927511691000,0.0018926902589903300,0.0185281638256937000,0.0066714724079146200,0.0007820051356758990,0.0098947809202721100,0.0054916016892446500,0.0002634422352319110,0.0024885684901973600,0.0005774594649057870,0.0017638588133207100
96,0.1300939634667140000,0.1414984408961430000,0.0668171496418862000,0.0371373316369291000,0.0425735063877775000,0.0134332564446850000,0.0071876732430530500,0.0068901597895512800,0.0126575037626925000,0.0004966147604400640,0.0023602042770554200,0.0006663615063748640,0.0025111967177178900,0.0006144582214463540,0.0004740490505302030
97,0.1724134860572640000,0.1818483130007240000,0.1153805082430080000,0.0582965837999505000,0.0524803957444322000,0.0335115518386180000,0.0113768293728022000,0.0134677032972401000,0.0187953004523160000,0.0061682677514806500,0.0066756375751150300,0.0039276180007516900,0.0025375752011872000,0.0004357054325081330,0.0023628471472617000
98,0.1802715468881970000,0.2032871138667290000,0.1087788112079340000,0.0719607886766782000,0.0432752550124137000,0.0074548810813325500,0.0049218899779388900,0.0211414027732465000,0.0046964602325743200,0.0031516643392646500,0.0000978949267620355,0.0027403703235906400,0.0016917143445464400,0.0012000490075752600,0.0016048482898331500
99,0.1429554136398120000,0.1925400351484890000,0.1001131794479500000,0.0587185042494768000,0.0464030777634343000,0.0402290588171666000,0.0125333965995259000,0.0147354261437660000,0.0020890968801839300,0.0008112869244549770,0.0046753326309659900,0.0048523224549485900,0.0046663316960764100,0.0014063105733943300,0.0012245360501476700
100,0.1477248395062550000,0.1889509332738350000,0.0892603765334815000,0.0536589408084270000,0.0383263430807401000,0.0229462892883183000,0.0151627633282219000,0.0128030546413521000,0.0001862372996461830,0.0073753919830498500,0.0057043604072621400,0.0027241387442201000,0.0015551964637033200,0.0015943723297263800,0.0015559794320673700
101,0.1319456870913500000,0.1532039829539390000,0.0725733783103903000,0.0489479669056308000,0.0360738390884023000,0.0029002082709105200,0.0069238925251193100,0.0085910101104421700,0.0222559285375744000,0.0056085198631289300,0.0013193426048189500,0.0026301567813208600,0.0012208738717518200,0.0009337550642037810,0.0015771340600146400
102,0.1356169734372320000,0.1331575630761760000,0.0787638806480329000,0.0456018054533997000,0.0277143561462890000,0.0176364636167755000,0.0208270680659786000,0.0072487007169343500,0.0035917874962073100,0.0035466876411541000,0.0022761409891375900,0.0014587852772120700,0.0000222196228141215,0.0000616429701600659,0.0014191900304121600
103,0.1728950568149650000,0.2598691859378960000,0.1184259150439000000,0.0659371578373295000,0.0586775761759883000,0.0044449077328960400,0.0266465719669255000,0.0095011511987703100,0.0146329254393528000,0.0091111823001617500,0.0101347156724211000,0.0017765503229185500,0.0012124285861515700,0.0022866873548749200,0.0025057424292967700
104,0.1506784674698170000,0.1872839157950730000,0.0923224928744643000,0.0612648748741933000,0.0256880246314973000,0.0232830688145803000,0.0132798797058424000,0.0088177165950096900,0.0100291853605516000,0.0021695391130434800,0.0014474573787146900,0.0024191577737393300,0.0014325917295412900,0.0008279847786649850,0.0014830331498674100
105,0.1792837946303810000,0.2161250142229100000,0.1132029127323750000,0.0717505465155768000,0.0281415555570849000,0.0017425510344976000,0.0116753459839883000,0.0035279906031918300,0.0204500914652887000,0.0038878020973772900,0.0016021747238302800,0.0037028599321884900,0.0006951735037195270,0.0000928696123835798,0.0018057069971517700
106,0.1442885585044660000,0.1760095643765750000,0.0838459581654049000,0.0600506323586286000,0.0485108692420311000,0.0460553901133761000,0.0005706620444826980,0.0008368966847527960,0.0123996082202721000,0.0138785207177668000,0.0037275597470734300,0.0032049400710984400,0.0025376653719151900,0.0012702263533174800,0.0015761322266976200
107,0.1559961271381250000,0.1954792574232820000,0.1045469905291290000,0.0626975291450155000,0.0237714782729740000,0.0125679863633660000,0.0145729439778423000,0.0005904483210118860,0.0121989771411735000,0.0163202910258235000,0.0049449938582146300,0.0040818402866420300,0.0042181247608216600,0.0015500455749268000,0.0016696913859786900
108,0.1559292959286770000,0.1830583668813260000,0.1074467297800670000,0.0629052079770379000,0.0247798155343936000,0.0156074916412706000,0.0097994712171647600,0.0157540272205757000,0.0052461457346486600,0.0096395040554990900,0.0031421799876971800,0.0026158639605123700,0.0009602330532353160,0.0013447581004801600,0.0017339606340756700
109,0.1224214286614500000,0.1498777235108560000,0.0759356903647334000,0.0426108917664080000,0.0511359653482768000,0.0121860000828827000,0.0209704358029738000,0.0145623108833025000,0.0041708976756622800,0.0099163836161792500,0.0041306862409079700,0.0016960793534137800,0.0018969323979729100,0.0024720170244684600,0.0015394906769204800
110,0.1401071181238530000,0.1686643342560840000,0.0794916314073249000,0.0588856183440389000,0.0361206212633585000,0.0059477914635650400,0.0254752457851498000,0.0025637201311562300,0.0119992667886739000,0.0023102733480424600,0.0041497791844048100,0.0016175891923687800,0.0006376482745268280,0.0007859218667666070,0.0009032499817058190
111,0.1597884522747010000,0.2013366111220010000,0.1117098917532990000,0.0638701241073170000,0.0571899876662381000,0.0238021352781505000,0.0134690352605774000,0.0172645806665234000,0.0113336765060532000,0.0045048607100378500,0.0049404073543344300,0.0033759550282738300,0.0010700923463332500,0.0015102223573475500,0.0016094682951523100
112,0.1239226592925900000,0.1501981693714420000,0.0823119522281191000,0.0512942114305163000,0.0389467483435173000,0.0249401554740895000,0.0062443976775181400,0.0115516226715927000,0.0142971696166482000,0.0041495365311551100,0.0036523077134262800,0.0010662184416223000,0.0024734811015360500,0.0015829536674051000,0.0020830192765068800
113,0.1705096076317960000,0.1844461629725170000,0.1079801977153480000,0.0598302981365033000,0.0319175609284178000,0.0405553541779806000,0.0098637598689177600,0.0025725187398296400,0.0115547320199682000,0.0063658523162403400,0.0040018035521460200,0.0028895438481831400,0.0012792079420573000,0.0017237973553875800,0.0021953601858706200
114,0.1736788861876560000,0.2200101020498220000,0.1155368968168130000,0.0573301518555368000,0.0419712416183253000,0.0208593375160351000,0.0153416210671933000,0.0013341860859596400,0.0007025653809994980,0.0029348728299328400,0.0042076594246929100,0.0023646081459476500,0.0027266569889342000,0.0018425440058156800,0.0024705207294130300
115,0.1897390881355050000,0.1905926447022140000,0.0960081116206681000,0.0587650408145112000,0.0435241604696491000,0.0061691454189678500,0.0074768368497252700,0.0057147247381159900,0.0049782576387842300,0.0105857059711937000,0.0040730809776451300,0.0016518920777371900,0.0031450563365994200,0.0013656064909778400,0.0006194083682656870
116,0.1406613924953940000,0.2005636124421100000,0.0987230521375947000,0.0522541298279386000,0.0591031506650736000,0.0169942085755593000,0.0008584854051855550,0.0050166735683002900,0.0005380289585676410,0.0073597315804479900,0.0018921104841627800,0.0033492196964184800,0.0017820386957239900,0.0020466651825720200,0.0013515275829064100
117,0.1494792139400310000,0.1654781602872450000,0.0948633002027382000,0.0550156886422750000,0.0225784437078852000,0.0098870303621919700,0.0033308725530438300,0.0028132868093928700,0.0035108717633704400,0.0018703954580569500,0.0009932505990742240,0.0031985029188486200,0.0016330069808747500,0.0002423189494432840,0.0011944546306534900
118,0.0816645721679748000,0.1052773300568570000,0.0652547652215181000,0.0305278056406884000,0.0175741742221857000,0.0092541734917029400,0.0023447456351098500,0.0104253092747945000,0.0079993297548299100,0.0050623773308732300,0.0057232905429500400,0.0029151881503656400,0.0022665438483628900,0.0003040597674776900,0.0014285065139713600
119,0.2145979406090960000,0.1947663279725600000,0.0870799773273273000,0.0666152216917654000,0.0102544035000921000,0.0244391913770303000,0.0107365594134125000,0.0104087942424676000,0.0170407976247401000,0.0035461888468778800,0.0065201572398105400,0.0029236586477983100,0.0029620335114985800,0.0011739105562843400,0.0004315347991655700
120,0.1350707800828160000,0.1693847438000250000,0.0963577378166237000,0.0588396264850392000,0.0346674345135162000,0.0148964004162154000,0.0025054615852653600,0.0062692297786892300,0.0123923228435462000,0.0102022155264201000,0.0069865645288929200,0.0032202682382146500,0.0011906468905209300,0.0016652049987785600,0.0006863446284621250
121,0.1571140818419810000,0.1607253917846270000,0.0916761182140557000,0.0491776252974018000,0.0622855132149119000,0.0128597829784461000,0.0087102600334035400,0.0114296064644514000,0.0114014835508814000,0.0108175271955873000,0.0056851520860603800,0.0031539743208138300,0.0022722272443035000,0.0017108935424608800,0.0013661250987640700
122,0.1894038773386400000,0.1954297157931350000,0.1040209011391520000,0.0714915104659607000,0.0401142570638164000,0.0334596670553497000,0.0088354814021493000,0.0144473760765095000,0.0030686234610572300,0.0081291623626634300,0.0058440474735660200,0.0023773694669706200,0.0009204755884744080,0.0000782685501906453,0.0008609051220829980
123,0.1668996019830810000,0.2187315829195140000,0.1258343922525360000,0.0717961529390592000,0.0430859355180651000,0.0120919160813185000,0.0181147103441331000,0.0012912032940350800,0.0079031949481738400,0.0157667340119726000,0.0055008078725657500,0.0028474561216899600,0.0008357997253761360,0.0018338198886445300,0.0018203156530350900
124,0.1003237053747360000,0.1211222099951450000,0.0566826206625693000,0.0465850767812846000,0.0290369519586197000,0.0136637631362835000,0.0052233671778493700,0.0117286660230961000,0.0023785489369002200,0.0009567085220200220,0.0027731614887162100,0.0008867645174116760,0.0025345476333294000,0.0009609263408999690,0.0001895301403282860
125,0.1477153295443380000,0.1737433919878320000,0.0747472015768698000,0.0427191943499670000,0.0434759790671776000,0.0214308269817862000,0.0195562113466581000,0.0131943749493425000,0.0110608160064589000,0.0077454365606360800,0.0001959983732871370,0.0019038104397669800,0.0019204230789706900,0.0005526091887479410,0.0025088656434438000
126,0.1580379014755280000,0.1807560233714320000,0.0820549658474640000,0.0644136041479848000,0.0416258152414010000,0.0308592638610663000,0.0150069290788213000,0.0043046592795045400,0.0117263861601733000,0.0090498404353509300,0.0021553221659178100,0.0025667210795432200,0.0023215799363965500,0.0016239993085179400,0.0019743115880191700
127,0.1685646983225480000,0.1818459432653480000,0.0888064146762517000,0.0546279889286156000,0.0375970407279632000,0.0161633472229927000,0.0106108701734645000,0.0155124791850361000,0.0022335659239658000,0.0133253381556342000,0.0066724811969985500,0.0015892790557037700,0.0001632626315953200,0.0016152544373851900,0.0020587096070768500
128,0.1237868065713670000,0.1653889564451510000,0.0738425407889506000,0.0452643060287468000,0.0463933804209506000,0.0161018350311703000,0.0000759027343914557,0.0093975228537956000,0.0033238302548129900,0.0055576827582469500,0.0061440168095856100,0.0031942604462995100,0.0016892393173810200,0.0010856116067010100,0.0006469677200636740
129,0.1768892633118110000,0.2025923827323400000,0.1050326540953900000,0.0747343258753131000,0.0521862366111451000,0.0380751345440506000,0.0008078742080287510,0.0071156958712624600,0.0159660686055041000,0.0091560411069503800,0.0049078442531523500,0.0010808973817320800,0.0019268115591465900,0.0019356062563443400,0.0016641209595026700
130,0.1377468406291940000,0.1724968520838480000,0.0766736282872070000,0.0497088733701632000,0.0343316273223682000,0.0041449425421469000,0.0147143085878411000,0.0066007776614001200,0.0165060884505249000,0.0001957100241359400,0.0054077237424058900,0.0010596583704211000,0.0023375590730945900,0.0019087973729019200,0.0017797137396190100
131,0.1154625243596780000,0.1483035353983360000,0.0792320182244970000,0.0470643078506153000,0.0220006440769590000,0.0134351687940789000,0.0122068989617198000,0.0080496406989529700,0.0065397041999014900,0.0044941448518124000,0.0009070334246142490,0.0022176428448174000,0.0018715128166345500,0.0008779953536122380,0.0012223148692160500
132,0.1614450927480750000,0.2320122220126430000,0.0961748447647986000,0.0563264435728448000,0.0416934673347690000,0.0323017864964915000,0.0112645990697695000,0.0177532693175172000,0.0093829543793440600,0.0014766743307526500,0.0030987938199510000,0.0030992916305514600,0.0015024621341679300,0.0018426270380225300,0.0017831431872279000
133,0.1486526277111500000,0.2213043228866380000,0.1054181964210950000,0.0601152493705150000,0.0119670152656168000,0.0068291175850710600,0.0067166378406420500,0.0141256108269465000,0.0093742466110979300,0.0019692544014668700,0.0051591105258106700,0.0032661183776140900,0.0017273115481492600,0.0007688437234037250,0.0016386972320642400
134,0.1864769510775920000,0.1934982863223060000,0.1060600149445250000,0.0537936700455377000,0.0423508120055321000,0.0133568696124610000,0.0244807996832687000,0.0072378593690014900,0.0157069012149083000,0.0029453657159229000,0.0058092626857073100,0.0006923188096154130,0.0019497745295792300,0.0022952557332116300,0.0025468756465388200
135,0.1477725286839590000,0.1715837871363730000,0.1021364471809730000,0.0633125671941573000,0.0358820868800260000,0.0159395498706755000,0.0065915411499593800,0.0046410135334785600,0.0101954470165887000,0.0064028721046453200,0.0061821274159916200,0.0023125293048137400,0.0013751383284960300,0.0013625001414092000,0.0012390526968239500
136,0.1363070783602530000,0.1600940348780220000,0.0811228841135918000,0.0517640820865489000,0.0280955786106018000,0.0238605375195567000,0.0173665666921116000,0.0003201832587656200,0.0066112442794887100,0.0073057727057203500,0.0081201366249325700,0.0015102673531460400,0.0011543637027347600,0.0009749008965617580,0.0014098371675444900
137,0.1142267538861520000,0.1399654368550450000,0.0596822856190582000,0.0451514297873239000,0.0289888358754076000,0.0156848495215933000,0.0005239710935211100,0.0167080706648371000,0.0023372767750782200,0.0096820935454844000,0.0002834298997123600,0.0039809411499209000,0.0017404477517934200,0.0005335668521390280,0.0008083174782831280
138,0.1377495558523960000,0.1612464784645010000,0.0829128371833125000,0.0522848061782531000,0.0255392717766748000,0.0071095064064151700,0.0130746308309055000,0.0072963465712569800,0.0057434218283691500,0.0061568875400654000,0.0037955584987113700,0.0007740183381081390,0.0022162718482787400,0.0010368047010303000,0.0013573101652205900
139,0.1845433100768640000,0.2430406597641190000,0.1144722134386360000,0.0535494970851724000,0.0617205600084873000,0.0119251693821934000,0.0202769163880369000,0.0192285157799774000,0.0036128014048549700,0.0008580453381014040,0.0073743499035105000,0.0025842390278035600,0.0032977634055990000,0.0010172696466721900,0.0013130957410613800
140,0.1215170219341290000,0.1461382355295730000,0.0729116466102836000,0.0429359076931771000,0.0187464261022866000,0.0231493641811806000,0.0001895104159213340,0.0028271246112449400,0.0066301568424940400,0.0071999340241866600,0.0037609926597223100,0.0014271066411539500,0.0026223728237975100,0.0011303750878507100,0.0015573088884031900
141,0.1065400818552580000,0.1266285030310470000,0.0599696408229043000,0.0446450861758282000,0.0387274385571443000,0.0156667192925353000,0.0051107149887107300,0.0103200884268622000,0.0029212335287385100,0.0050450775525037600,0.0041045680896170600,0.0014397138418707800,0.0014613899393598400,0.0014750138970471200,0.0016002470803295500
142,0.1880293146641110000,0.2353633285542940000,0.1155433238857890000,0.0556397309183551000,0.0183874112888688000,0.0274032950321033000,0.0157094255883465000,0.0093251966146394900,0.0045448026398219400,0.0024710555592484900,0.0014615596118536800,0.0023175985765194700,0.0005206613220652970,0.0024638861211395400,0.0004955336674806980
143,0.1184618777154250000,0.1249118326163420000,0.0748856990209145000,0.0463178213025729000,0.0302456279126012000,0.0082697272576799000,0.0110769112812956000,0.0027852955512861200,0.0078235426197422400,0.0085730381575438000,0.0043678380347067000,0.0040899050189834600,0.0003154354698885140,0.0013373777735358000,0.0005450561853583610
144,0.1262409372350560000,0.1697244337150760000,0.0770590242976008000,0.0491666842684793000,0.0307686236514363000,0.0093863679410315100,0.0093787888293599800,0.0125173847551375000,0.0039110028532976400,0.0067815036024187500,0.0025996997485014300,0.0016440267539758900,0.0024863234057437100,0.0008992746802732520,0.0007774512942922650
145,0.1500299845023900000,0.1896162218709130000,0.1026590826499410000,0.0516599274687377000,0.0345066986315651000,0.0172715881414482000,0.0057179569633702300,0.0061773461395978600,0.0077502495726374700,0.0117114310107821000,0.0049514356910505400,0.0014616635490881500,0.0001830968602241200,0.0013083606388466800,0.0007107690683670410
146,0.1398830364331470000,0.1761048059209670000,0.0832372576458991000,0.0461037705786019000,0.0491501156972224000,0.0137662476662850000,0.0175835920373354000,0.0146917428942927000,0.0001578335226953270,0.0054489104749436200,0.0028153698924240800,0.0014740073658515000,0.0019711990965139200,0.0010642120919257800,0.0019129955996385600
147,0.1461060734324980000,0.1743545523859960000,0.0875340914936343000,0.0479763220908531000,0.0343466763725629000,0.0169439029504422000,0.0114538823713031000,0.0067989035937332000,0.0048153566660477500,0.0093975529329931300,0.0037207686607255200,0.0030795765064396900,0.0023023065039802400,0.0007114972122978150,0.0015775138144536600
148,0.1438988003682410000,0.1811008188847970000,0.0756616777876794000,0.0495915308402717000,0.0480470284452685000,0.0060236134064500100,0.0149749200212902000,0.0030687301148036200,0.0013448765711019400,0.0043264210689577900,0.0019991642208886100,0.0007280102083874770,0.0014075155580877500,0.0009967586763988400,0.0010449674387730500
149,0.1576550508322630000,0.2137343287298020000,0.1079098803971420000,0.0591515516401758000,0.0580724137212432000,0.0150036027247777000,0.0167021004776533000,0.0021837590384662000,0.0084818659820531500,0.0028257967388316600,0.0032713667637474900,0.0041785972626946000,0.0025859768219579500,0.0012450188581860700,0.0021311246632730300
150,0.1191627552280910000,0.1453703201275050000,0.0768320054431127000,0.0522066294380908000,0.0144942691344957000,0.0105911415302182000,0.0133115709157591000,0.0074850215695973000,0.0025378135114012800,0.0055680435073483400,0.0040934478532992100,0.0041104895973925000,0.0017155001134511300,0.0008921253190942790,0.0007472565844632410
151,0.0890730526433888000,0.1223566531494570000,0.0655957804306822000,0.0358806021406081000,0.0200590164184223000,0.0129109223831788000,0.0091214379039071100,0.0062040532327472700,0.0038701175748591800,0.0031682606551172900,0.0040447344508111500,0.0023514334122282200,0.0008912260669741060,0.0017326824552398000,0.0006887076172368960
152,0.1713496143776240000,0.1932314569659410000,0.0757916418296385000,0.0585605884304667000,0.0300867868454884000,0.0268175033729690000,0.0053725796453353300,0.0158896336204338000,0.0119540007529054000,0.0057797787656986300,0.0029167900356536200,0.0015113602042820900,0.0019423288506282300,0.0014319863956764900,0.0022585062657110900
153,0.1276748875563250000,0.1571732147427960000,0.0983287425813203000,0.0518348194043667000,0.0370146522786075000,0.0190160245304811000,0.0096577061975632000,0.0074952758855828100,0.0069062544343664900,0.0036049383716875200,0.0005422659184872300,0.0021203675276936300,0.0015424636034907500,0.0018545223655159300,0.0017252934216349600
154,0.1326502205163190000,0.1658441894436790000,0.0829963977196182000,0.0570071941906727000,0.0187996081551229000,0.0125306328587092000,0.0055816112989827300,0.0082062770461616000,0.0072290864864141400,0.0037715489000521900,0.0005559392768568970,0.0003297673305059850,0.0010337424505425200,0.0007856677768676940,0.0011004894050137500
155,0.1968715521050370000,0.2363747020452720000,0.1087030432917250000,0.0638992356713773000,0.0327384207021578000,0.0027895432540567900,0.0045066752279226300,0.0154716119022951000,0.0086597691019568100,0.0139173747433296000,0.0031719942562518900,0.0013592902590020200,0.0038391476341526100,0.0017706557961174200,0.0015983887784720900
156,0.1963413769825490000,0.2811880755930670000,0.1305800347416430000,0.0844344071660351000,0.0525862823593839000,0.0321417693563050000,0.0198735679498691000,0.0030661901116184600,0.0173611832817782000,0.0094611336023253700,0.0078601379344566500,0.0049458726070363300,0.0025622653731876100,0.0025505903179012800,0.0023122019813147100
157,0.1512278864959980000,0.1964526196095310000,0.1200311060821700000,0.0559351418616269000,0.0331272751994133000,0.0036598149383387600,0.0150885519788676000,0.0064994424724780300,0.0057754186629727300,0.0071742926720296300,0.0047672424103460700,0.0034889697506132500,0.0010852173996231500,0.0000243532121901277,0.0012167850808081900
158,0.1353954909520240000,0.1879674664371000000,0.0819615759043845000,0.0481138024091358000,0.0436726528917111000,0.0219704857052021000,0.0023948337169876700,0.0085475706524534000,0.0082065092915202100,0.0059910206449069800,0.0043220318236524900,0.0035208754668499300,0.0015419937178841200,0.0000873945553478791,0.0014236771754604400
159,0.2004695933661380000,0.1737120953417980000,0.0777018261195963000,0.0606219066526295000,0.0095725322714737800,0.0116010475091795000,0.0090901136486996000,0.0025400086528147900,0.0115866429355851000,0.0138388419291210000,0.0045471669248935100,0.0028448028381983700,0.0011616769086866500,0.0007610564679546690,0.0009505134059970630
160,0.1744665697792860000,0.1849633280975110000,0.0879350055382385000,0.0649161858273163000,0.0488451768345661000,0.0198011610960373000,0.0085829772794548300,0.0070624392821619700,0.0043404582156448700,0.0058311010555679100,0.0054840349786237100,0.0043134430145707000,0.0016860136448016400,0.0025084178349690700,0.0017742420042052100
161,0.1883901399199310000,0.2163325058617770000,0.1022488499052780000,0.0653212016356982000,0.0638117662473204000,0.0220658102099261000,0.0188934335874502000,0.0040508879282435100,0.0138728015643814000,0.0059544909591876200,0.0047350405679439300,0.0038806042446483200,0.0027633009789024500,0.0021053606755533600,0.0015372091133880200
162,0.1282492187776210000,0.1953618371260410000,0.0817713102193011000,0.0541611648588164000,0.0574360754705513000,0.0114651843871572000,0.0135346286665636000,0.0014815226011877700,0.0124256789759728000,0.0019612376577007300,0.0011557391892965400,0.0038911766954899400,0.0010810529877476700,0.0009217138883691800,0.0008749512989991080
163,0.1317710503372010000,0.1663013533321110000,0.0737144539801698000,0.0450502239377234000,0.0289495251495217000,0.0035321684376121300,0.0041631053994001800,0.0103954122980117000,0.0087195378714056600,0.0055222065152958300,0.0036087890017599500,0.0007876301399797900,0.0009613132809487360,0.0013380439656830900,0.0008756440683128800
164,0.1804587980249950000,0.2236275381083530000,0.1079880031994260000,0.0573151706149174000,0.0560063635434312000,0.0077832582052747900,0.0150595964470838000,0.0011457933157973000,0.0089998886070315900,0.0047218073217750900,0.0015486247980734000,0.0062834445267316100,0.0032154522143350700,0.0007963215439685520,0.0024014112802787900
165,0.1421052631690700000,0.1579170566408450000,0.0752416404941412000,0.0548968933085135000,0.0538934508499347000,0.0295363804582083000,0.0097923191278850900,0.0065108712245170400,0.0090498653683190100,0.0133016333841249000,0.0030090267288679200,0.0020973884812341300,0.0017115393269934200,0.0021004687162965400,0.0020399977207297200
166,0.1113038014325290000,0.1316747420544660000,0.0704990891183694000,0.0382297625569050000,0.0295144618922095000,0.0109400556349549000,0.0017842471521971700,0.0054413659262663200,0.0067043550221372500,0.0031711864446162500,0.0068738684022926400,0.0013494338973881700,0.0014486131893566500,0.0009916894254514970,0.0007384688569196750
167,0.1311148228946550000,0.1950745441069970000,0.0950302355364027000,0.0586271900165993000,0.0198188740032335000,0.0281387951970267000,0.0110940297614918000,0.0133283576104964000,0.0071033557437729800,0.0011857132019024600,0.0039805274360733800,0.0028274682994452100,0.0017839783720694200,0.0011442649794989400,0.0004261948755787300
168,0.1481254954024040000,0.2161871796071120000,0.0994322550535123000,0.0446599663356614000,0.0233126661178154000,0.0206919888833860000,0.0167544655426222000,0.0047969188407940900,0.0086604123400420200,0.0004779882604647260,0.0079227740142004200,0.0028328226071434900,0.0019077637028423000,0.0018603423550524600,0.0014811095766330500
169,0.1017997546188700000,0.1419539719887680000,0.0681388679486601000,0.0428971262706305000,0.0283173879943248000,0.0151135269722020000,0.0173250309493492000,0.0053980399162408000,0.0090133231829189500,0.0065933256799828800,0.0040683045103544800,0.0023767508921521200,0.0019223787815865200,0.0008166977904589500,0.0010845879028401200
170,0.1266711376020680000,0.1904083441622370000,0.1091804882696450000,0.0596611085828590000,0.0336604124054958000,0.0194801867918608000,0.0067395708598248300,0.0167943462575346000,0.0106760724629527000,0.0052381423242466000,0.0055380786942665800,0.0031229991431790500,0.0011234024382463400,0.0013755056510373000,0.0011495219200528300
171,0.1341516260594580000,0.1611392011665870000,0.0662061793425726000,0.0422552201266791000,0.0387914105806902000,0.0175427339032133000,0.0048838127639480700,0.0147934230440261000,0.0131983835164779000,0.0082054409336753000,0.0052961281305450800,0.0014067478486460900,0.0025268195178910100,0.0007126820259103190,0.0016553244883652500
172,0.1442073148657260000,0.1721039057557140000,0.0736905610481835000,0.0471864450931991000,0.0467403647159169000,0.0190001721055955000,0.0197848786054780000,0.0110685616208136000,0.0120536295562497000,0.0016196780557972900,0.0036633307219587900,0.0019996772036098100,0.0016527867747766500,0.0010145584821380800,0.0017658325817397000
173,0.1409247012058930000,0.1964124681942250000,0.1068782729408610000,0.0529207803111959000,0.0424464575002039000,0.0139606769973857000,0.0146904869216787000,0.0157901320890978000,0.0176412858789658000,0.0129979043755504000,0.0007953662532970350,0.0010908509558322800,0.0012541197852132700,0.0017876580457130400,0.0017730567122919500
174,0.1385937119641540000,0.1820656624602250000,0.0906014128861412000,0.0668579799568429000,0.0294558089022516000,0.0006355208518225980,0.0005938425333536590,0.0084454967540547000,0.0093930095696262400,0.0111333767278681000,0.0028790837213441000,0.0036396312874561000,0.0031892383858196700,0.0016004128110133200,0.0010519962909456800
175,0.1599704695150890000,0.2097321997608350000,0.0950657690446843000,0.0515734354729452000,0.0372797203555262000,0.0125058136769498000,0.0035514331019185600,0.0032727768184999600,0.0143702127480586000,0.0055464774399281300,0.0047206140994786900,0.0030716904119092500,0.0015060488489067700,0.0019945927707559000,0.0015014364342163500
176,0.1726944734014810000,0.1669929056525390000,0.0765937008664155000,0.0605492829308740000,0.0310353506914215000,0.0141131151109541000,0.0083964705203926700,0.0078781252767669900,0.0002685656946966690,0.0075829668615170800,0.0028860670131519400,0.0019723520435138300,0.0019810339896567100,0.0025088537615780000,0.0012403125590497500
177,0.1564000177150270000,0.1788755543566380000,0.0934350135312404000,0.0614004857159581000,0.0421870928136567000,0.0217587337548758000,0.0132353672269614000,0.0129329505944884000,0.0075254308302571700,0.0019357856943109500,0.0041816924384663000,0.0039367828493136000,0.0037832485368395700,0.0007671648867494630,0.0010791624573544500
178,0.1387182153778780000,0.1168294590853510000,0.0619915784849171000,0.0406094101611550000,0.0310042800002205000,0.0162067937810321000,0.0146393155056208000,0.0027353017919077800,0.0027412056952149800,0.0028592396138413800,0.0031445812829549900,0.0005107086429264640,0.0011054642320048300,0.0008774653413810070,0.0007509634289332680
179,0.2150639162962830000,0.2797388283155140000,0.1140111637519150000,0.0800328246206553000,0.0381965643866509000,0.0340285470450234000,0.0177107425837330000,0.0181850929956514000,0.0027585458521142900,0.0136313632960401000,0.0047559606958225000,0.0034771187810024200,0.0045564363267999600,0.0025303416428146200,0.0020919913758057600
180,0.1172805632492250000,0.1533121509097340000,0.0826673837537941000,0.0465873776530980000,0.0333709813515516000,0.0233183425963876000,0.0156919113292035000,0.0104165629863207000,0.0118172820199086000,0.0034734745714236500,0.0063172849965416600,0.0009491997722932550,0.0006893736802600990,0.0015720037684110800,0.0011052151853736800
181,0.1385677841529620000,0.1669819492054540000,0.0804603244865078000,0.0498272501223440000,0.0366068920768456000,0.0157398899350948000,0.0029728654076346600,0.0135587494629829000,0.0058200945775375000,0.0100798243379247000,0.0018201264423553200,0.0036397413259189100,0.0026820878116976100,0.0010007843696115200,0.0015934271924235300
182,0.1400553206928740000,0.1747443444538780000,0.0951133801847379000,0.0467207678299356000,0.0400433320438629000,0.0028952279943838900,0.0214517896397922000,0.0146400502626963000,0.0170700563376151000,0.0000180606793029931,0.0049036325833380400,0.0001968972603520740,0.0018252457036889200,0.0009759144723646240,0.0014540550914800500
183,0.1928672192490370000,0.2214597773770550000,0.1121886487355890000,0.0564125583892208000,0.0248690741096094000,0.0068036315054039900,0.0153361864398834000,0.0036889941233282600,0.0083516147484841400,0.0123359396856649000,0.0042940107074065900,0.0030763641817815000,0.0022288129725818400,0.0000972670970045094,0.0016638785287971900
184,0.1193244157078020000,0.1665213448353830000,0.0754648681036588000,0.0483246090259906000,0.0520961017435690000,0.0268376961735442000,0.0133737935804847000,0.0112383407256225000,0.0030271671702944900,0.0008309497665421950,0.0026862158326848000,0.0013969366342853000,0.0021391894287536300,0.0011358376551227400,0.0018277760826335500
185,0.1887317928052890000,0.1908118829028200000,0.0939742761268591000,0.0504488150917778000,0.0618004930129002000,0.0039667534655280400,0.0314277446348747000,0.0103716759166882000,0.0123242529725827000,0.0074192492020388600,0.0046288871760197200,0.0031307107796627500,0.0030640064876971000,0.0019042172069299400,0.0016324948116908500
186,0.1900202580632550000,0.2109955854096860000,0.1053696694493660000,0.0752490856249290000,0.0219426744714318000,0.0058907672618075500,0.0322066099361539000,0.0132742207588802000,0.0099606598277380400,0.0055906412250239400,0.0044674571758773800,0.0037145805342349600,0.0019462808440042300,0.0019498198103885800,0.0021302618474865500
187,0.1952222879926610000,0.1812372931340740000,0.1116714106723730000,0.0631925041640004000,0.0484513137809623000,0.0131771742870191000,0.0162036590754064000,0.0004034280295723850,0.0086118147156885500,0.0084282115950599200,0.0010697136127853200,0.0019750890849123000,0.0038782178389526000,0.0010166507559741700,0.0020789472770751300
188,0.1165450500465320000,0.1134043773547250000,0.0681768239479737000,0.0431563967851058000,0.0313349653685600000,0.0039251891822253200,0.0113321079970306000,0.0065802735971376100,0.0089558496382594300,0.0104070824358204000,0.0006766056648268640,0.0029578921967445900,0.0002726583853832610,0.0006043664940509380,0.0017689664457188000
189,0.1327109738132810000,0.1586627524468910000,0.0826230507257952000,0.0417566175907403000,0.0298141708527925000,0.0159799287922703000,0.0016785329929234900,0.0111369315690399000,0.0012350237308060200,0.0002375931022426890,0.0025299716870051900,0.0017897230809054700,0.0021727581836126600,0.0017512019472789800,0.0009425562527407800
190,0.1687169429244460000,0.1656465645869630000,0.0968806734455395000,0.0465036792876746000,0.0315713621915344000,0.0124899678699101000,0.0025507346546703200,0.0065372189947442300,0.0122423710200955000,0.0012058292961563900,0.0068929794476745800,0.0010184195472458300,0.0025047597879003000,0.0010458250825044000,0.0022260887817809600
191,0.0930538952170508000,0.1143658551787560000,0.0561881289265337000,0.0402030058025275000,0.0328692756786346000,0.0107401030245885000,0.0034293585271919100,0.0070241654113312000,0.0056071990271079200,0.0035025094640940400,0.0014848401608049300,0.0018668679936854700,0.0012152068254443600,0.0006547179284697860,0.0015054105696480000
192,0.1392198070625550000,0.1654672756255240000,0.0771640915412573000,0.0502085783492845000,0.0239478579891104000,0.0009175048464923980,0.0196388188727117000,0.0091584127267332700,0.0067400963624568400,0.0012490841371040500,0.0065248579055847700,0.0008769345090490250,0.0029849228327769400,0.0009084242216271930,0.0011514524840884800
193,0.1203039462822760000,0.1382689955107540000,0.0680714535466981000,0.0345229567469214000,0.0370364582729015000,0.0212581936223362000,0.0027148958848993600,0.0036732838929030500,0.0075676374487649900,0.0008606875559808410,0.0021814868543264800,0.0011919431275327800,0.0019896313491769500,0.0009758581415697240,0.0011946825123676500
194,0.1566774073248340000,0.1906503066061280000,0.0847037180639414000,0.0612525675284396000,0.0536499537483869000,0.0046060468801460500,0.0126944864582248000,0.0036550652015192200,0.0039315074902551500,0.0076098291602322100,0.0064375392951505000,0.0043413058005320600,0.0001422143531345920,0.0017597827502691900,0.0018019888987471700
195,0.1364490280216970000,0.1394879449319610000,0.0763585536432276000,0.0447976607099739000,0.0382053238243644000,0.0157719040712461000,0.0081452553141644400,0.0012191680414036500,0.0002796365282002130,0.0033090073040675800,0.0074925682173986000,0.0019642320734042600,0.0013578045472347900,0.0004050690038955410,0.0008403465118798580
196,0.1699213310791430000,0.1813488907534900000,0.0875765449659917000,0.0477622862617533000,0.0622175255900852000,0.0005140903076584410,0.0111480968663543000,0.0068015690745012200,0.0239003308322070000,0.0004184129964169860,0.0067286957235277200,0.0016083162248745200,0.0011471697570819300,0.0014285327811185000,0.0019284509840881700
197,0.1374697558831950000,0.1481008606251650000,0.0831965081017667000,0.0440051364941816000,0.0313271768209466000,0.0289350184019510000,0.0024074532231450000,0.0074092787962803300,0.0019553136170631000,0.0056999127571916200,0.0049515522319170000,0.0015119760245586100,0.0006610148641761520,0.0012576549220048900,0.0015624468739832000
198,0.2111429933095620000,0.2122006654886240000,0.1074064024529230000,0.0709313783128515000,0.0365915675930679000,0.0252516715147669000,0.0027353836328142200,0.0071470605970898300,0.0096668094179538600,0.0014162040374920300,0.0005882494313486320,0.0035142215042797100,0.0030643836281480900,0.0028989700518881900,0.0024828011085063400
199,0.1725856135660400000,0.2435378162378860000,0.1307555002001660000,0.0879493503798235000,0.0365629690724559000,0.0191870567880109000,0.0117445426707605000,0.0070251749555459600,0.0033747584402148200,0.0113751848813064000,0.0067699671941502300,0.0052049959265220600,0.0035574899410360100,0.0022594923147960700,0.0024368948884023900
200,0.1225776572294770000,0.1351919718683200000,0.0621005370726009000,0.0326730060457263000,0.0205530515543479000,0.0149951220842949000,0.0116657265850345000,0.0108569962591309000,0.0054000825957219300,0.0021606928789789000,0.0035386900733230400,0.0029528050690032000,0.0004110731237123140,0.0008495819786884700,0.0009562815558202340
201,0.0910343282823696000,0.1189850650261290000,0.0633475432686042000,0.0381454836701945000,0.0149470008054774000,0.0130802741251049000,0.0134188225992704000,0.0085947419968206200,0.0065155628018426100,0.0031643074828646600,0.0035429691915933600,0.0014039320168148300,0.0015062947311720700,0.0003308304177845240,0.0008523482505162120
202,0.1851931737007050000,0.2175211350028070000,0.1061897334978570000,0.0670024747619519000,0.0246348443900922000,0.0188728895904405000,0.0031219809838106300,0.0081858509046187200,0.0105333637720672000,0.0150841497667565000,0.0025762852655533200,0.0034436270772416500,0.0001565359687941800,0.0025098227869197100,0.0012642099762816400
203,0.1741711146044090000,0.2006551089897820000,0.1080710049636250000,0.0532770077852055000,0.0310151903112882000,0.0189778380795330000,0.0295633423724445000,0.0060755805023679000,0.0047678736035147000,0.0153465860379084000,0.0053627038552534100,0.0036440245785415500,0.0007114884080135730,0.0016523123654948800,0.0015241764136159800
204,0.1451274175290670000,0.1317754231474860000,0.0693414540666236000,0.0609998080490394000,0.0239239940063934000,0.0131175468380308000,0.0014742518496254700,0.0085320177407465300,0.0020449924103645600,0.0084492186559731300,0.0020830809539610500,0.0004376480955043800,0.0016767163609316300,0.0003015227150875120,0.0012762395967170500
205,0.1679273249663990000,0.1992229801697510000,0.0866011712029473000,0.0459401185568857000,0.0610827100992256000,0.0018349681221550500,0.0129960908206579000,0.0169761449365392000,0.0033819552054757900,0.0101722662107956000,0.0033370477737210600,0.0031444914694791900,0.0008361604983756850,0.0012219169116753600,0.0022475568181837900
206,0.1778395749901670000,0.1829222672885410000,0.0877403650973928000,0.0486159493421808000,0.0171825359045054000,0.0329307267223851000,0.0166036607159029000,0.0164298128495318000,0.0031983196979675300,0.0121427755635522000,0.0055427287384821100,0.0027860520949745200,0.0027122609061245700,0.0014283547456322800,0.0013255517925988400
207,0.1984290035080710000,0.2177681923980010000,0.1059050335463810000,0.0677054449968729000,0.0549513636532700000,0.0003973984131430830,0.0240966421296303000,0.0136523146100585000,0.0065213503697186900,0.0086889761938045400,0.0010274179613403200,0.0016724918947558200,0.0014498482347342400,0.0010941843827392500,0.0016281646548379300
208,0.1178045997907360000,0.1517992901254970000,0.0823007112627031000,0.0487201252842645000,0.0256256355458987000,0.0078265419677555100,0.0181944340215859000,0.0038907459537480700,0.0033241628652776900,0.0031192373777193900,0.0013831333862568400,0.0040315895594044200,0.0004220330039609520,0.0020495293087624400,0.0010683454067726200
209,0.1534604635532930000,0.1897460221214630000,0.0880687111462974000,0.0629275149628416000,0.0289216689784480000,0.0196919091567968000,0.0061647236578166100,0.0055121003716353600,0.0060129864455630800,0.0044767623402748000,0.0067364500048584700,0.0030060193995223300,0.0022872799881430200,0.0013990535978139300,0.0020329809218609100
210,0.1181585578540250000,0.1351202248589970000,0.0666397793747082000,0.0420304978524245000,0.0166820015778326000,0.0132363255801078000,0.0005266085613355320,0.0114636155480143000,0.0059266920632115700,0.0104614182631497000,0.0013945192946240800,0.0001107789644498360,0.0007161342065238330,0.0012999033381558600,0.0009720547958822360
211,0.1524165061131690000,0.1812018654746010000,0.1017253368915130000,0.0560138328988359000,0.0325085008456827000,0.0315348525121146000,0.0026191361686508600,0.0094863737081998200,0.0057887922521577700,0.0016622883750063800,0.0018729374255763100,0.0004375513659754070,0.0029407021808590800,0.0004721297792026350,0.0018444446712264000
212,0.1630136717064210000,0.1761485298855150000,0.1159906939205110000,0.0593883627914363000,0.0548837439636441000,0.0200822449827866000,0.0160139388297218000,0.0084373006213965600,0.0200824435920516000,0.0096805571881845900,0.0045587963800946500,0.0033252157386250400,0.0023780360575416800,0.0009247098466914400,0.0029404794983891900
213,0.1869035591968220000,0.2433853438056870000,0.1247358297385330000,0.0839808052738759000,0.0655469052963243000,0.0015393805350325500,0.0113587040970868000,0.0137853479425591000,0.0249799304761781000,0.0075067539226851900,0.0001449135950155680,0.0039480785810171200,0.0001927289564188300,0.0002140756394614330,0.0012988685298030900
214,0.1375677923811210000,0.1839116397541090000,0.0904843469560744000,0.0432626581043324000,0.0589192044961910000,0.0027712889632720300,0.0209534739120478000,0.0103748096002249000,0.0145261043632975000,0.0060610769400662600,0.0016262208695858700,0.0015300109214264700,0.0016433597615297900,0.0021974700684490500,0.0016459348807718700
215,0.1559479075043570000,0.1762006345247290000,0.0772349650659536000,0.0616318649870358000,0.0511037700670883000,0.0266001194108084000,0.0136432581888233000,0.0140776225501469000,0.0082288822712717600,0.0011044082168120000,0.0045241707516390000,0.0029267998135840600,0.0033472721732179300,0.0021866894573103700,0.0006607487909145840
216,0.1031853708199850000,0.1384632014098980000,0.0647126514568232000,0.0449883762359571000,0.0342851179882405000,0.0120666706550968000,0.0019138976332846300,0.0097895380010226900,0.0015638731169284000,0.0029796264069524600,0.0008758898681968790,0.0015968337417733800,0.0018767179064130800,0.0003178272841688280,0.0023876833307898000
217,0.1621502842343400000,0.1892897435512050000,0.0885582551415148000,0.0593960521543250000,0.0524512175572382000,0.0228559055202347000,0.0166403945198058000,0.0045545080713633300,0.0008929405302404430,0.0010771025150547400,0.0044096453804770500,0.0042763279964840500,0.0030697278757004100,0.0004191597653946560,0.0004363626184458410
218,0.1656613867672280000,0.1831422895736310000,0.0992514558503919000,0.0659980927721203000,0.0504028668614796000,0.0027140967331372400,0.0064888585848671400,0.0077325216054295700,0.0124576589245585000,0.0040828329899082500,0.0012207144735602300,0.0030021143662943000,0.0012904432697943000,0.0022664252557066800,0.0022905240691511000
219,0.1154698549536620000,0.1199322541594110000,0.0660306445000435000,0.0270019000292439000,0.0379905877667003000,0.0061048050496788400,0.0092200495976400500,0.0051566730747390500,0.0030522213876054000,0.0005740123499574770,0.0028866299635799000,0.0025446304545895000,0.0019541083714590300,0.0004378215679487410,0.0011699550876953500
220,0.1559196570450310000,0.1762910641229530000,0.1094323659855990000,0.0606819448079495000,0.0301460188739496000,0.0147875869229082000,0.0166343205227994000,0.0038514815753178200,0.0083282298999285300,0.0027662547095543900,0.0018855022771294600,0.0004719866342103150,0.0015194642335615000,0.0009114552330154710,0.0017220953368863200
221,0.1375131547630750000,0.1843579425716470000,0.0852304073094957000,0.0505693373085214000,0.0351181930539222000,0.0276600349848031000,0.0018392138468566700,0.0200741365917535000,0.0080205624465760900,0.0017392147051073900,0.0074903772261751100,0.0025034143189271800,0.0010724565904070100,0.0016053227730702900,0.0011190617397623000
222,0.2325537389655470000,0.2065199135592350000,0.0874823282886737000,0.0644552762221373000,0.0477019748573964000,0.0240073002046415000,0.0058919361087981900,0.0062221119217860800,0.0070866304350728400,0.0076890232568169100,0.0031173052518282200,0.0040008894014492100,0.0024294084694120300,0.0008186578724070440,0.0013504446815625200
223,0.1629589370197330000,0.1806429608202710000,0.0954077786572804000,0.0653642863181626000,0.0488842620532302000,0.0143615255969578000,0.0118745944612998000,0.0121546294699632000,0.0028047767468431100,0.0056442256373060900,0.0001174857946614010,0.0041914166676622400,0.0017446757495945800,0.0021040412815035300,0.0018283760141634900
224,0.1247010631034690000,0.1723687324445960000,0.0815977469901686000,0.0499984549146913000,0.0499877598629045000,0.0080743721690121600,0.0196595276880188000,0.0112597765859096000,0.0018127567158346700,0.0064199781558060700,0.0019188955214853500,0.0031443196278371100,0.0012620977186306300,0.0008985573239147450,0.0018884710481389600
225,0.1102363531945280000,0.1355686656578490000,0.0708438044051771000,0.0444595701640959000,0.0362807076661264000,0.0085214062356173600,0.0125526825323257000,0.0149430302508109000,0.0004134845417586700,0.0038802934789355300,0.0034837856869303500,0.0020657133988417300,0.0009659341056779230,0.0009407080267282050,0.0015063389114755500
226,0.1348919450221380000,0.2035106415808710000,0.0788475243832489000,0.0549875201519949000,0.0407871088551245000,0.0264700938789511000,0.0159285662896225000,0.0123784238203954000,0.0019883073319149700,0.0029272765148767000,0.0050806223712570500,0.0017638903475571100,0.0021754710468064000,0.0011834634688778400,0.0016066454105619700
227,0.1279370067656150000,0.1330756144912420000,0.0492809440071028000,0.0437376681662838000,0.0380236694355471000,0.0087319705444312600,0.0079344428763095200,0.0124566531781739000,0.0012791504260507200,0.0055344964157341400,0.0030760138995005300,0.0020484501504348700,0.0015107663065985200,0.0007343525233122660,0.0010763482972860600
228,0.1943035457577750000,0.1682300871930270000,0.0937593497725123000,0.0548400546489224000,0.0448050225636933000,0.0105834856884024000,0.0007063019392299430,0.0073525076026817400,0.0017828940728657300,0.0009687555142863280,0.0018394815162297100,0.0005189496550823940,0.0009895675744574140,0.0011950400558702100,0.0016485877790411700
229,0.2345560854791340000,0.2438049294274120000,0.1245091346489210000,0.0926213409254663000,0.0635040642155308000,0.0330994226283760000,0.0141633094169646000,0.0163609301032584000,0.0113081180644766000,0.0058433696285923000,0.0082612865436409100,0.0053719695141216600,0.0029241372484930900,0.0020577458008019900,0.0018320596904160000
230,0.1938954125296940000,0.2126226870295420000,0.0972494185142136000,0.0702814644339003000,0.0628163759085150000,0.0193637189532421000,0.0264321429616380000,0.0096465619897438200,0.0023512121257172400,0.0092619911185130300,0.0023711059301021000,0.0071722613393403200,0.0017767518929473400,0.0015477705424179900,0.0031406558010304300
231,0.1686504755908930000,0.2306634370179040000,0.0832651327518839000,0.0512370793945906000,0.0351793087717953000,0.0064691781400505200,0.0153071270705634000,0.0062392198344833000,0.0039303579377997300,0.0054679931091678700,0.0041489189772041300,0.0008297850289374870,0.0012787192025245500,0.0008884793027663920,0.0011759733728045200
232,0.1018879197041510000,0.1310564864982180000,0.0555982439891301000,0.0430867864578252000,0.0270793568524691000,0.0193352507296995000,0.0037396290757395600,0.0069156164529796100,0.0040902984995842800,0.0087538341973446800,0.0038077031255459300,0.0015945589575349500,0.0022027558586796600,0.0010545034132872200,0.0009914497238651370
233,0.1858174499721380000,0.2385421744035160000,0.1153441823122360000,0.0702918894946528000,0.0678602517699759000,0.0195326652322739000,0.0085289277080886700,0.0044192425393762000,0.0042023970752500700,0.0052134077164707700,0.0054051827396445100,0.0034463622289554800,0.0012992232885319000,0.0012182376652656700,0.0009608317190729300
234,0.1561478044578820000,0.1885508379671600000,0.0821085200012251000,0.0559990130259364000,0.0486943554087022000,0.0171410075592349000,0.0063901894034056000,0.0142967643695288000,0.0101469543918315000,0.0111262556253624000,0.0026796129020280600,0.0080103370988384300,0.0030080033129777400,0.0013535146623970500,0.0020658533696559000
235,0.1773795796044760000,0.2323685034371660000,0.1183421096060220000,0.0711953739080876000,0.0370992746592504000,0.0085010718706962700,0.0298653456359843000,0.0143508592207584000,0.0031987216113791700,0.0120180847584548000,0.0067280306516910200,0.0055376725510865900,0.0023724320334133500,0.0007315252448794580,0.0021283185545848000
236,0.1672089670921520000,0.1379339765952090000,0.0855994742817666000,0.0496954571013721000,0.0297292037935667000,0.0021130510362461600,0.0026916111244460300,0.0059182471553722600,0.0074825709766993600,0.0085825111909219200,0.0022706543831676700,0.0014303836834175100,0.0001154058344747700,0.0000909379194029546,0.0017889247731230400
237,0.1445349715340540000,0.1773191875881970000,0.0871127016453286000,0.0510129419345614000,0.0351337925021114000,0.0134668072182405000,0.0247039997237594000,0.0125479892943333000,0.0013620025220927500,0.0013073523052065500,0.0008449478501745560,0.0008974323805135530,0.0017763631274633300,0.0002778889823224340,0.0011637585616155400
238,0.1334126135847940000,0.1679860072650060000,0.0720983701379148000,0.0513006445602760000,0.0289289625025680000,0.0133660014534696000,0.0013038095456663500,0.0051758425454684700,0.0007405222821620710,0.0059253409842959300,0.0037993623232595400,0.0002951617605113020,0.0017350510524526800,0.0007531752313757490,0.0016677282958688000
239,0.1295501884789930000,0.1506081342317780000,0.0628001211089740000,0.0409803446336441000,0.0209828155310603000,0.0171691349802274000,0.0149597571111372000,0.0032200326026251000,0.0014066202663891100,0.0050208544593736200,0.0021597076387161500,0.0025474444621014500,0.0003514158587665940,0.0019006822051277600,0.0010107258966338100
240,0.1610294109390190000,0.2391327653298410000,0.1072820663682560000,0.0672660532401703000,0.0530218378081629000,0.0312903698148956000,0.0150284608404211000,0.0069396912640789800,0.0109089274932849000,0.0078858178244515600,0.0057320817500508100,0.0036291547098767900,0.0024425245676445500,0.0023119046986654500,0.0016613782976808200
241,0.1004832800952090000,0.1261451787346900000,0.0578542948125158000,0.0403495215819433000,0.0241441813319334000,0.0209035714723637000,0.0087716291640475000,0.0089773379578145900,0.0075029613586314100,0.0015519820741589800,0.0057653757750217800,0.0031301730621257300,0.0010644046631989200,0.0016043141016585700,0.0014878716076461000
242,0.1239281019118720000,0.1623608940294630000,0.0762641040258794000,0.0413530542325298000,0.0214397029856730000,0.0202546919880928000,0.0059098584145726300,0.0091818884219999300,0.0163914975646223000,0.0002888398471149380,0.0050158681548535700,0.0017150418190607000,0.0022390566014363500,0.0008979639167575150,0.0013961997608179800
243,0.1787925716366720000,0.1824709519386830000,0.1118772491586460000,0.0578867895371933000,0.0613826244062684000,0.0138710579880585000,0.0120801026025145000,0.0084791295509853900,0.0058446091350838500,0.0012095805323287200,0.0040486180441510500,0.0014971321503058300,0.0036829696382148000,0.0006918956182776600,0.0014113104203628300
244,0.2773622813986720000,0.2936232400208910000,0.1634509428639030000,0.1058309991857980000,0.0564226132130729000,0.0660078357518348000,0.0342011849528797000,0.0245688921208185000,0.0133258013181273000,0.0050603725778802400,0.0040422561488871200,0.0033814790492873300,0.0032227638891085100,0.0009450039820345390,0.0033313768606485700
245,0.1695083202291510000,0.1735381707533200000,0.0880876883516421000,0.0665546722357675000,0.0750829896299360000,0.0171756759757447000,0.0177354338088687000,0.0182100899908366000,0.0067526067723910300,0.0081537121886539700,0.0046706810254886400,0.0030431659006272000,0.0023788692296210100,0.0012310101315385000,0.0019949406176011700
246,0.1345179853086340000,0.1343782899844950000,0.0797292398192614000,0.0377734332601537000,0.0487647630438922000,0.0169434312000080000,0.0084009010624979400,0.0046826971785069800,0.0024157707540138200,0.0052306164073252700,0.0005552231490316940,0.0042678585942719500,0.0019442971434604500,0.0009357882481886220,0.0013190497854419600
247,0.1791662523793550000,0.2074146676638400000,0.1021541404884360000,0.0724090713148748000,0.0442033231618866000,0.0284809633482378000,0.0144173936064706000,0.0011296398150189600,0.0105352483269148000,0.0101908420405947000,0.0031195534639869900,0.0033578955872915200,0.0022696540143200700,0.0020287096635299300,0.0013427025893999000
248,0.1301131810045230000,0.1959873827140760000,0.0871793788807188000,0.0585428755412684000,0.0414661910623321000,0.0049982074358993000,0.0070470603318826000,0.0052291050419658400,0.0119606877897109000,0.0077573595647110800,0.0046442084032685500,0.0009419145920890370,0.0012832091181453200,0.0016856664417070200,0.0009473274882540620
249,0.1636441734558620000,0.2228465601109830000,0.1163926662947810000,0.0651399805267348000,0.0522422795036173000,0.0155988455331410000,0.0203016588124956000,0.0174385364159304000,0.0040611907490225700,0.0076239700531512000,0.0010139193303783600,0.0020738585986238700,0.0037218016701829300,0.0019741826879542700,0.0015454756853894100
250,0.1472704912373470000,0.1697677769695170000,0.0818014598358108000,0.0625874768315965000,0.0458278415856592000,0.0181088069395985000,0.0221865491026605000,0.0120825885250291000,0.0035361602753044700,0.0005445429998177110,0.0049140686217517800,0.0026877651038276900,0.0009915945441579290,0.0016003430534668600,0.0017770739234786900
